year,iso,apd_eur,napd_eur
2010,AFG,111000000.00,957000000.00
2010,AGO,183000000.00,0.00
2010,ALB,466000000.00,36000000.00
2010,ARG,923000000.00,5820000000.00
2010,ATG,4000000.00,97000000.00
2010,BDI,2000000.00,2000000.00
2010,BEN,13000000.00,38000000.00
2010,BFA,117000000.00,0.00
2010,BGR,378000000.00,415000000.00
2010,BIH,220000000.00,543000000.00
2010,BOL,89000000.00,6000000.00
2010,BRA,1315000000.00,1583000000.00
2010,CAF,0.00,6000000.00
2010,CHL,151000000.00,4000000.00
2010,CIV,3711000000.00,2658000000.00
2010,CMR,991000000.00,30000000.00
2010,COD,2379000000.00,4037000000.00
2010,COG,341000000.00,546000000.00
2010,COM,3000000.00,12000000.00
2010,CPV,35000000.00,18000000.00
2010,CRI,322000000.00,0.00
2010,DJI,71000000.00,38000000.00
2010,DMA,8000000.00,10000000.00
2010,DOM,394000000.00,264000000.00
2010,DZA,1274000000.00,4798000000.00
2010,ECU,580000000.00,462000000.00
2010,EGY,0.00,5568000000.00
2010,ETH,314000000.00,163000000.00
2010,FJI,19000000.00,1000000.00
2010,GAB,141000000.00,203000000.00
2010,GEO,298000000.00,120000000.00
2010,GHA,457000000.00,469000000.00
2010,GIN,343000000.00,404000000.00
2010,GMB,2000000.00,1000000.00
2010,GNB,12000000.00,117000000.00
2010,GNQ,0.00,22000000.00
2010,GRD,5000000.00,9000000.00
2010,GTM,319000000.00,0.00
2010,GUY,5000000.00,0.00
2010,HND,174000000.00,13000000.00
2010,HRV,5000000.00,0.00
2010,HTI,0.00,0.00
2010,IDN,31726000000.00,8954000000.00
2010,IRQ,389000000.00,9311000000.00
2010,JAM,387000000.00,12000000.00
2010,JOR,2128000000.00,567000000.00
2010,KEN,2069000000.00,243000000.00
2010,KGZ,413000000.00,513000000.00
2010,KHM,470000000.00,1404000000.00
2010,KNA,7000000.00,0.00
2010,LBR,237000000.00,73000000.00
2010,LCA,14000000.00,0.00
2010,LKA,5396000000.00,80000000.00
2010,LSO,16000000.00,0.00
2010,MAR,4482000000.00,102000000.00
2010,MDA,10000000.00,150000000.00
2010,MDG,237000000.00,89000000.00
2010,MDV,41000000.00,0.00
2010,MEX,1104000000.00,3765000000.00
2010,MKD,163000000.00,1000000.00
2010,MLI,59000000.00,16000000.00
2010,MMR,3148000000.00,552000000.00
2010,MNE,47000000.00,194000000.00
2010,MOZ,193000000.00,160000000.00
2010,MRT,87000000.00,39000000.00
2010,MWI,17000000.00,6000000.00
2010,NER,12000000.00,3000000.00
2010,NGA,0.00,1000000.00
2010,NIC,122000000.00,135000000.00
2010,NPL,214000000.00,2000000.00
2010,PAK,10802000000.00,3501000000.00
2010,PAN,269000000.00,0.00
2010,PER,2027000000.00,380000000.00
2010,PHL,13177000000.00,1199000000.00
2010,PNG,279000000.00,0.00
2010,POL,87000000.00,5396000000.00
2010,ROU,708000000.00,107000000.00
2010,RUS,0.00,0.00
2010,SDN,879000000.00,3401000000.00
2010,SEN,124000000.00,234000000.00
2010,SLE,105000000.00,0.00
2010,SLV,638000000.00,5000000.00
2010,SOM,441000000.00,1105000000.00
2010,SRB,379000000.00,2163000000.00
2010,STP,1000000.00,25000000.00
2010,SUR,11000000.00,15000000.00
2010,SYC,51000000.00,32000000.00
2010,TCD,7000000.00,51000000.00
2010,TGO,119000000.00,452000000.00
2010,TJK,0.00,0.00
2010,TTO,2000000.00,100000000.00
2010,TUR,5500000000.00,610000000.00
2010,TZA,407000000.00,22000000.00
2010,UKR,147000000.00,1494000000.00
2010,VCT,13000000.00,0.00
2010,VNM,11372000000.00,1221000000.00
2010,WSM,8147565.24,0.00
2010,YEM,512000000.00,0.00
2010,ZMB,2000000.00,99000000.00
2011,AFG,0.00,984000000.00
2011,AGO,162000000.00,40000000.00
2011,ALB,494000000.00,33000000.00
2011,ARG,878000000.00,5789000000.00
2011,ATG,4000000.00,96000000.00
2011,BDI,1000000.00,0.00
2011,BEN,11000000.00,32000000.00
2011,BFA,124000000.00,0.00
2011,BGR,382000000.00,376000000.00
2011,BIH,250000000.00,522000000.00
2011,BOL,85000000.00,2000000.00
2011,BRA,1502000000.00,1515000000.00
2011,CAF,0.00,6000000.00
2011,CHL,139000000.00,4000000.00
2011,CIV,4242000000.00,2496000000.00
2011,CMR,975000000.00,27000000.00
2011,COD,400000000.00,951000000.00
2011,COG,248000000.00,187000000.00
2011,COM,3000000.00,10000000.00
2011,CPV,55000000.00,17000000.00
2011,CRI,293000000.00,0.00
2011,DJI,69000000.00,40000000.00
2011,DMA,9000000.00,10000000.00
2011,DOM,459000000.00,255000000.00
2011,DZA,1157000000.00,4768000000.00
2011,ECU,570000000.00,360000000.00
2011,EGY,10933000000.00,4815000000.00
2011,ETH,297000000.00,163000000.00
2011,FJI,18000000.00,1000000.00
2011,GAB,135000000.00,143000000.00
2011,GEO,309000000.00,114000000.00
2011,GHA,536000000.00,358000000.00
2011,GIN,326000000.00,405000000.00
2011,GMB,2000000.00,1000000.00
2011,GNB,12000000.00,108000000.00
2011,GNQ,0.00,22000000.00
2011,GRD,4000000.00,6000000.00
2011,GTM,315000000.00,0.00
2011,GUY,5000000.00,0.00
2011,HND,169000000.00,2000000.00
2011,HRV,5000000.00,0.00
2011,HTI,0.00,0.00
2011,IDN,31916000000.00,8302000000.00
2011,IRQ,772000000.00,9780000000.00
2011,JAM,333000000.00,18000000.00
2011,JOR,2053000000.00,518000000.00
2011,KEN,2109000000.00,213000000.00
2011,KGZ,431000000.00,498000000.00
2011,KHM,496000000.00,1404000000.00
2011,KNA,6000000.00,0.00
2011,LBR,77000000.00,0.00
2011,LCA,11000000.00,0.00
2011,LKA,5661000000.00,179000000.00
2011,LSO,50000000.00,0.00
2011,MAR,4690000000.00,92000000.00
2011,MDA,58000000.00,135000000.00
2011,MDG,243000000.00,89000000.00
2011,MDV,43000000.00,0.00
2011,MEX,1390000000.00,3943000000.00
2011,MKD,165000000.00,1000000.00
2011,MLI,54000000.00,15000000.00
2011,MMR,3249000000.00,528000000.00
2011,MNE,47000000.00,184000000.00
2011,MOZ,213000000.00,157000000.00
2011,MRT,110000000.00,50000000.00
2011,MWI,16000000.00,6000000.00
2011,NER,12000000.00,0.00
2011,NGA,0.00,0.00
2011,NIC,119000000.00,132000000.00
2011,NPL,204000000.00,2000000.00
2011,PAK,11102000000.00,3355000000.00
2011,PAN,332000000.00,534000000.00
2011,PER,2081000000.00,299000000.00
2011,PHL,12963000000.00,2277000000.00
2011,PNG,266000000.00,0.00
2011,POL,72000000.00,4995000000.00
2011,ROU,795000000.00,305000000.00
2011,RUS,0.00,0.00
2011,SDN,891000000.00,3151000000.00
2011,SEN,166000000.00,192000000.00
2011,SLE,113000000.00,0.00
2011,SLV,609000000.00,8000000.00
2011,SOM,444000000.00,1015000000.00
2011,SRB,377000000.00,1941000000.00
2011,STP,1000000.00,25000000.00
2011,SUR,22000000.00,12000000.00
2011,SYC,54000000.00,31000000.00
2011,TCD,5000000.00,51000000.00
2011,TGO,0.00,32000000.00
2011,TJK,28000000.00,300000000.00
2011,TTO,4000000.00,128000000.00
2011,TUR,5713000000.00,3213000000.00
2011,TZA,468000000.00,21000000.00
2011,UKR,263000000.00,1307000000.00
2011,VCT,12000000.00,0.00
2011,VNM,12819000000.00,1142000000.00
2011,WSM,21439119.79,0.00
2011,YEM,518000000.00,1212000000.00
2011,ZMB,3000000.00,66000000.00
2012,AFG,0.00,1061000000.00
2012,AGO,150000000.00,187000000.00
2012,ALB,501000000.00,33000000.00
2012,ARG,860000000.00,5639000000.00
2012,ATG,4000000.00,95000000.00
2012,BDI,0.00,0.00
2012,BEN,9000000.00,30000000.00
2012,BFA,130000000.00,0.00
2012,BGR,327000000.00,301000000.00
2012,BIH,232000000.00,521000000.00
2012,BOL,82000000.00,2000000.00
2012,BRA,2057000000.00,1782000000.00
2012,CAF,0.00,4000000.00
2012,CHL,133000000.00,2000000.00
2012,CIV,1336000000.00,542000000.00
2012,CMR,143000000.00,23000000.00
2012,COD,38000000.00,192000000.00
2012,COG,30000000.00,183000000.00
2012,COM,3000000.00,9000000.00
2012,CPV,62000000.00,31000000.00
2012,CRI,254000000.00,0.00
2012,DJI,70000000.00,38000000.00
2012,DMA,20000000.00,10000000.00
2012,DOM,545000000.00,288000000.00
2012,DZA,1048000000.00,9000000.00
2012,ECU,456000000.00,371000000.00
2012,EGY,10306000000.00,4048000000.00
2012,ETH,293000000.00,163000000.00
2012,FJI,15000000.00,0.00
2012,GAB,150000000.00,99000000.00
2012,GEO,343000000.00,108000000.00
2012,GHA,594000000.00,489000000.00
2012,GIN,230000000.00,288000000.00
2012,GMB,2000000.00,1000000.00
2012,GNB,12000000.00,94000000.00
2012,GNQ,0.00,22000000.00
2012,GRD,4000000.00,6000000.00
2012,GTM,289000000.00,0.00
2012,GUY,5000000.00,0.00
2012,HND,160000000.00,2000000.00
2012,HRV,3000000.00,0.00
2012,HTI,0.00,0.00
2012,IDN,28023000000.00,7613000000.00
2012,IRQ,1005000000.00,8861000000.00
2012,JAM,254000000.00,15000000.00
2012,JOR,2036000000.00,136000000.00
2012,KEN,2090000000.00,207000000.00
2012,KGZ,403000000.00,497000000.00
2012,KHM,530000000.00,1404000000.00
2012,KNA,2000000.00,0.00
2012,LBR,0.00,0.00
2012,LCA,10000000.00,0.00
2012,LKA,5283000000.00,218000000.00
2012,LSO,13000000.00,0.00
2012,MAR,4962000000.00,96000000.00
2012,MDA,55000000.00,118000000.00
2012,MDG,216000000.00,89000000.00
2012,MDV,42000000.00,0.00
2012,MEX,1330000000.00,3963000000.00
2012,MKD,153000000.00,0.00
2012,MLI,44000000.00,14000000.00
2012,MMR,2877000000.00,519000000.00
2012,MNE,47000000.00,123000000.00
2012,MOZ,196000000.00,155000000.00
2012,MRT,143000000.00,86000000.00
2012,MWI,11000000.00,6000000.00
2012,NER,45000000.00,3000000.00
2012,NGA,0.00,20000000.00
2012,NIC,121000000.00,128000000.00
2012,NPL,173000000.00,2000000.00
2012,PAK,10433000000.00,3153000000.00
2012,PAN,308000000.00,479000000.00
2012,PER,1852000000.00,215000000.00
2012,PHL,11176000000.00,1869000000.00
2012,PNG,218000000.00,0.00
2012,POL,52000000.00,1544000000.00
2012,ROU,728000000.00,267000000.00
2012,RUS,0.00,0.00
2012,SDN,893000000.00,3447000000.00
2012,SEN,358000000.00,151000000.00
2012,SLE,103000000.00,0.00
2012,SLV,544000000.00,3000000.00
2012,SOM,441000000.00,1115000000.00
2012,SRB,357000000.00,1980000000.00
2012,STP,1000000.00,21000000.00
2012,SUR,36000000.00,0.00
2012,SYC,56000000.00,31000000.00
2012,TCD,4000000.00,53000000.00
2012,TGO,0.00,31000000.00
2012,TJK,37000000.00,296000000.00
2012,TTO,1000000.00,160000000.00
2012,TUR,5253000000.00,3719000000.00
2012,TZA,457000000.00,20000000.00
2012,UKR,244000000.00,1191000000.00
2012,VCT,10000000.00,0.00
2012,VNM,13162000000.00,1249000000.00
2012,WSM,28382814.03,0.00
2012,YEM,487000000.00,1193000000.00
2012,ZMB,4000000.00,50000000.00
2013,AFG,0.00,1110000000.00
2013,AGO,138000000.00,221000000.00
2013,ALB,514000000.00,32000000.00
2013,ARG,877000000.00,5459000000.00
2013,ATG,4000000.00,94000000.00
2013,BDI,0.00,0.00
2013,BEN,8000000.00,27000000.00
2013,BFA,128000000.00,0.00
2013,BGR,255000000.00,224000000.00
2013,BIH,232000000.00,535000000.00
2013,BOL,84000000.00,2000000.00
2013,BRA,1939000000.00,1136000000.00
2013,CAF,0.00,3000000.00
2013,CHL,126000000.00,1000000.00
2013,CIV,649000000.00,0.00
2013,CMR,174000000.00,34000000.00
2013,COD,26000000.00,119000000.00
2013,COG,36000000.00,187000000.00
2013,COM,1000000.00,0.00
2013,CPV,79000000.00,33000000.00
2013,CRI,204000000.00,0.00
2013,DJI,73000000.00,34000000.00
2013,DMA,28000000.00,10000000.00
2013,DOM,530000000.00,205000000.00
2013,DZA,973000000.00,8000000.00
2013,ECU,372000000.00,418000000.00
2013,EGY,9541000000.00,3249000000.00
2013,ETH,309000000.00,163000000.00
2013,FJI,11000000.00,0.00
2013,GAB,183000000.00,92000000.00
2013,GEO,390000000.00,102000000.00
2013,GHA,688000000.00,518000000.00
2013,GIN,31000000.00,220000000.00
2013,GMB,2000000.00,1000000.00
2013,GNB,10000000.00,96000000.00
2013,GNQ,0.00,23000000.00
2013,GRD,5000000.00,6000000.00
2013,GTM,250000000.00,0.00
2013,GUY,5000000.00,0.00
2013,HND,169000000.00,2000000.00
2013,HRV,3000000.00,0.00
2013,HTI,0.00,0.00
2013,IDN,23055000000.00,6242000000.00
2013,IRQ,1453000000.00,8236000000.00
2013,JAM,189000000.00,7000000.00
2013,JOR,1808000000.00,111000000.00
2013,KEN,2199000000.00,223000000.00
2013,KGZ,363000000.00,308000000.00
2013,KHM,522000000.00,1403000000.00
2013,KNA,2000000.00,0.00
2013,LBR,0.00,0.00
2013,LCA,9000000.00,0.00
2013,LKA,4560000000.00,200000000.00
2013,LSO,12000000.00,0.00
2013,MAR,5353000000.00,235000000.00
2013,MDA,53000000.00,98000000.00
2013,MDG,3000000.00,89000000.00
2013,MDV,40000000.00,0.00
2013,MEX,1513000000.00,3732000000.00
2013,MKD,139000000.00,5000000.00
2013,MLI,48000000.00,8000000.00
2013,MMR,2551000000.00,2260000000.00
2013,MNE,49000000.00,122000000.00
2013,MOZ,154000000.00,140000000.00
2013,MRT,154000000.00,117000000.00
2013,MWI,2000000.00,6000000.00
2013,NER,68000000.00,3000000.00
2013,NGA,59000000.00,0.00
2013,NIC,128000000.00,123000000.00
2013,NPL,137000000.00,2000000.00
2013,PAK,9360000000.00,3112000000.00
2013,PAN,254000000.00,394000000.00
2013,PER,1539000000.00,135000000.00
2013,PHL,8823000000.00,1409000000.00
2013,PNG,164000000.00,0.00
2013,POL,32000000.00,1516000000.00
2013,ROU,608000000.00,206000000.00
2013,RUS,0.00,0.00
2013,SDN,863000000.00,3520000000.00
2013,SEN,471000000.00,102000000.00
2013,SLE,0.00,0.00
2013,SLV,478000000.00,3000000.00
2013,SOM,435000000.00,1128000000.00
2013,SRB,368000000.00,2235000000.00
2013,STP,1000000.00,22000000.00
2013,SUR,50000000.00,0.00
2013,SYC,60000000.00,30000000.00
2013,TCD,4000000.00,57000000.00
2013,TGO,0.00,14000000.00
2013,TJK,43000000.00,332000000.00
2013,TTO,0.00,142000000.00
2013,TUR,4585000000.00,3217000000.00
2013,TZA,245000000.00,18000000.00
2013,UKR,203000000.00,1015000000.00
2013,VCT,9000000.00,0.00
2013,VNM,12404000000.00,1079000000.00
2013,WSM,26600000.00,0.00
2013,YEM,439000000.00,1172000000.00
2013,ZMB,13000000.00,0.00
2014,AFG,0.00,1158200000.00
2014,AGO,121726812.60,648932041.00
2014,ALB,476969292.80,29009136.31
2014,ARG,781437150.02,5692662936.34
2014,ATG,4340802.08,95107358.75
2014,BDI,0.00,0.00
2014,BEN,6078685.97,21841776.68
2014,BFA,103356913.61,0.00
2014,BGR,209558560.00,156954173.00
2014,BIH,202968366.77,443947129.71
2014,BOL,74533256.37,1764416.00
2014,BRA,1919500970.78,854607639.75
2014,CAF,0.00,2287606.67
2014,CHL,109245688.15,0.00
2014,CIV,534199970.93,9449764.81
2014,CMR,247721564.54,18146611.81
2014,COD,22190236.57,87429825.39
2014,COG,33500799.94,190500518.21
2014,COM,592972.27,0.00
2014,CPV,83070481.87,40333477.90
2014,CRI,177660059.59,0.00
2014,DJI,64642167.75,29209084.33
2014,DMA,34213303.41,10172889.28
2014,DOM,505851757.83,149359159.13
2014,DZA,752258146.68,5998590.19
2014,ECU,344101009.51,347574837.09
2014,EGY,8321803856.77,2100084297.30
2014,ETH,289331679.29,162832320.00
2014,FJI,8600000.00,0.00
2014,GAB,210830407.86,70225857.71
2014,GEO,385442892.00,95480800.00
2014,GHA,663700681.38,473315937.22
2014,GIN,63357046.07,216083151.66
2014,GMB,13738501.27,571520.00
2014,GNB,10081734.40,89573600.00
2014,GNQ,0.00,20667373.81
2014,GRD,4501545.81,6085811.85
2014,GTM,212077213.30,0.00
2014,GUY,4545225.60,0.00
2014,HND,168850963.20,2117452.80
2014,HRV,2864646.00,0.00
2014,HTI,0.00,0.00
2014,IDN,19205617714.68,4957869427.21
2014,IRQ,1546934850.00,7086043858.78
2014,JAM,139786593.18,5375374.20
2014,JOR,1600007325.41,99024022.56
2014,KEN,1986146767.03,252224603.80
2014,KGZ,330904960.00,306931200.00
2014,KHM,545415216.84,1401475844.21
2014,KNA,1973819.68,0.00
2014,LBR,0.00,0.00
2014,LCA,7236525.79,0.00
2014,LKA,4058867347.67,190957088.03
2014,LSO,8816000.00,0.00
2014,MAR,4988144657.90,310494960.62
2014,MDA,64710299.00,78798123.00
2014,MDG,2541440.00,88800000.00
2014,MDV,39014013.21,0.00
2014,MEX,1506331814.45,2490535040.00
2014,MKD,118422612.80,0.00
2014,MLI,66452074.74,4423451.42
2014,MMR,1833630304.00,1389485192.24
2014,MNE,28336621.43,107165998.14
2014,MOZ,228203870.10,129255479.02
2014,MRT,128312187.09,105108920.27
2014,MWI,3161600.00,5800000.00
2014,NER,59705600.00,2517120.00
2014,NGA,145929655.09,0.00
2014,NIC,113662579.30,116847792.16
2014,NPL,115600160.00,1800000.00
2014,PAK,8416307332.15,2735364597.96
2014,PAN,210472404.96,344450000.00
2014,PER,1281501250.68,84262973.00
2014,PHL,7574608540.94,1115246530.00
2014,PNG,128051040.00,0.00
2014,POL,18597482.65,1478000000.00
2014,ROU,521317551.67,157130885.80
2014,RUS,0.00,0.00
2014,SDN,849528532.24,3185294375.30
2014,SEN,603686333.30,89060599.44
2014,SLE,0.00,0.00
2014,SLV,406582455.74,365296.00
2014,SOM,427482860.52,1123182409.60
2014,SRB,301939183.82,2028233716.14
2014,STP,1216000.00,19662720.00
2014,SUR,45361360.28,0.00
2014,SYC,51409146.73,26693694.29
2014,TCD,2659611.89,50884178.13
2014,TGO,0.00,7371122.87
2014,TJK,43270192.36,296169600.00
2014,TTO,1148449.64,136778040.07
2014,TUR,4262829958.29,3397182558.35
2014,TZA,273621382.09,17567360.00
2014,UKR,433802411.14,1003632990.00
2014,VCT,7514918.89,0.00
2014,VNM,12171593958.38,958696308.36
2014,WSM,25300000.00,0.00
2014,YEM,396398624.05,1146740603.37
2014,ZMB,43847059.07,0.00
2015,AFG,0.00,1204900000.00
2015,AGO,452409266.22,783216610.00
2015,ALB,488125609.34,25980082.81
2015,ARG,795253064.69,6728111476.02
2015,ATG,3600000.00,96433427.24
2015,BDI,0.00,0.00
2015,BEN,5218487.37,17628181.36
2015,BFA,122207492.37,3795.88
2015,BGR,194800816.00,112302515.00
2015,BIH,251179414.87,400741372.74
2015,BOL,101561219.30,1764549.00
2015,BRA,2111624202.12,686699467.64
2015,CAF,0.00,2221114.66
2015,CHL,99000294.51,0.00
2015,CIV,417572440.93,58692992.46
2015,CMR,373133772.72,14941411.31
2015,COD,20854714.18,62367258.64
2015,COG,26932589.95,251303628.21
2015,COM,131112.00,213144.38
2015,CPV,98829877.27,41900000.00
2015,CRI,217645722.00,0.00
2015,DJI,78296804.28,23486212.69
2015,DMA,31291329.18,10200000.00
2015,DOM,693384219.79,87420354.04
2015,DZA,588845257.50,3307760.49
2015,ECU,426353137.19,277234794.58
2015,EGY,7651072168.41,1150543360.16
2015,ETH,301978044.52,220645162.18
2015,FJI,7600000.00,0.00
2015,GAB,238989676.02,69948049.87
2015,GEO,394516132.00,88100194.00
2015,GHA,759936194.72,440920000.00
2015,GIN,38431753.85,213413203.60
2015,GMB,1495931.40,9177840.00
2015,GNB,10102149.99,90689878.00
2015,GNQ,0.00,18923376.44
2015,GRD,4464597.89,7167313.57
2015,GTM,196130176.80,356.20
2015,GUY,3914366.44,0.00
2015,HND,180414972.66,2074709.74
2015,HRV,25749065.40,0.00
2015,HTI,0.00,0.00
2015,IDN,18062071425.09,5607985311.92
2015,IRQ,1828556927.78,6280534380.13
2015,JAM,110207993.90,4194036.30
2015,JOR,1886863637.75,88402505.10
2015,KEN,2034909500.77,253888074.79
2015,KGZ,347243414.74,314064181.80
2015,KHM,878755674.06,1400050692.16
2015,KNA,1970000.00,0.00
2015,LBR,0.00,0.00
2015,LCA,5689392.04,0.00
2015,LKA,4269700696.33,199335838.00
2015,LSO,6697638.00,0.00
2015,MAR,4624736711.48,296650975.14
2015,MDA,92045418.00,74183480.00
2015,MDG,55733300.36,88800000.00
2015,MDV,41247532.41,0.00
2015,MEX,1228944200.24,2502816877.03
2015,MKD,106369595.72,0.00
2015,MLI,112240817.68,1064985.75
2015,MMR,1936350224.68,1246034916.48
2015,MNE,24437847.71,96025477.00
2015,MOZ,438038033.30,132169054.91
2015,MRT,123613530.80,94315537.55
2015,MWI,1715382.00,5800000.00
2015,NER,61013179.19,2653717.72
2015,NGA,238590680.40,211837.41
2015,NIC,185124533.62,111417283.37
2015,NPL,165367337.40,1800000.00
2015,PAK,8334592826.26,2602449220.23
2015,PAN,203529392.51,344398340.00
2015,PER,1235791032.89,50778352.00
2015,PHL,7550863015.22,1107471106.91
2015,PNG,112221350.00,0.00
2015,POL,11641630.31,1478000000.00
2015,ROU,505490666.00,104483524.56
2015,RUS,0.00,0.00
2015,SDN,854408184.63,2965190139.43
2015,SEN,645151711.96,79207104.18
2015,SLE,1084468.04,0.00
2015,SLV,364153018.52,0.00
2015,SOM,425143723.78,1025084344.43
2015,SRB,295128289.50,1885569470.19
2015,STP,1071840.60,24063161.97
2015,SUR,41949871.08,0.00
2015,SYC,45708099.08,24251700.92
2015,TCD,0.00,3540349.20
2015,TGO,9707751.00,3113910.00
2015,TJK,48978800.00,295787060.00
2015,TTO,0.00,101101381.00
2015,TUR,3934954409.29,3370631877.29
2015,TZA,552671324.64,48791514.54
2015,UKR,538469611.70,4208461966.19
2015,VCT,6007874.04,0.00
2015,VNM,13987919424.19,1629739323.80
2015,WSM,27100000.00,0.00
2015,YEM,412386661.86,1120016477.25
2015,ZMB,74537064.79,22684600.91
2016,AFG,1370330.00,1250100000.00
2016,AGO,451292245.30,852586170.39
2016,ALB,494819743.39,22619578.00
2016,ARG,661186633.59,5287805927.10
2016,ATG,3420000.00,118013932.27
2016,BDI,0.00,0.00
2016,BEN,4917224.34,14211109.28
2016,BFA,140251406.91,1054.10
2016,BGR,186303967.00,73589720.00
2016,BIH,249761589.34,374364169.52
2016,BOL,104538993.77,1760347.00
2016,BRA,0.00,0.00
2016,CAF,0.00,2012679.54
2016,CHL,90213780.70,0.00
2016,CIV,357534926.94,75204823.79
2016,CMR,537391934.78,24184785.35
2016,COD,22225370.80,52629052.73
2016,COG,23120877.06,307244544.64
2016,COM,0.00,2776628.48
2016,CPV,111404796.83,47079036.03
2016,CRI,238030712.89,0.00
2016,DJI,88279785.68,19340625.86
2016,DMA,28006382.91,10074063.00
2016,DOM,716348948.13,38308595.84
2016,DZA,520213809.92,1675592.50
2016,ECU,479314381.74,213790416.51
2016,EGY,7417912546.52,291439888.91
2016,ETH,333657952.44,230394868.23
2016,FJI,6800000.00,0.00
2016,GAB,224755302.03,327137316.88
2016,GEO,407092365.00,80270051.00
2016,GHA,771289503.26,417258011.48
2016,GIN,37392437.26,197381546.23
2016,GMB,1212076.05,6957060.00
2016,GNB,10066090.70,63849734.40
2016,GNQ,0.00,18322540.71
2016,GRD,4007773.07,4968505.22
2016,GTM,186067586.00,0.00
2016,GUY,3571731.68,0.00
2016,HND,187142889.44,34825207.74
2016,HRV,22882997.13,0.00
2016,HTI,0.00,0.00
2016,IDN,17153335391.73,4919990429.81
2016,IRQ,2406374728.45,7080330144.17
2016,JAM,86583176.64,2997691.22
2016,JOR,2173603943.86,78831517.25
2016,KEN,2056401418.22,248943159.39
2016,KGZ,334934499.17,283702159.00
2016,KHM,915293393.04,1398820006.98
2016,KNA,1970000.00,0.00
2016,LBR,0.00,0.00
2016,LCA,4704785.03,0.00
2016,LKA,4290871447.95,190985130.95
2016,LSO,5606757.90,0.00
2016,MAR,4479120547.48,269970134.01
2016,MDA,90965504.00,69847868.00
2016,MDG,61978050.15,80042164.00
2016,MDV,41043045.13,0.00
2016,MEX,1256149128.52,2610782697.19
2016,MKD,99822331.27,0.00
2016,MLI,138963437.41,347730.11
2016,MMR,2171399008.88,1172090491.71
2016,MNE,22341337.10,88941304.30
2016,MOZ,517459887.23,124819664.51
2016,MRT,119059353.36,130216385.51
2016,MWI,1616989.40,5800000.00
2016,NER,88866463.35,374216.49
2016,NGA,290214038.98,0.00
2016,NIC,206991366.43,102341429.04
2016,NPL,188111489.02,0.00
2016,PAK,8532451072.87,2407550860.05
2016,PAN,188545888.21,355308219.00
2016,PER,1190693773.84,29267272.00
2016,PHL,7512127166.08,1093051816.56
2016,PNG,125967880.00,0.00
2016,POL,9437629.91,1478000000.00
2016,ROU,497490647.69,89515156.03
2016,RUS,0.00,0.00
2016,SDN,860723562.07,2744985637.14
2016,SEN,672955502.88,87569445.88
2016,SLE,10409284.09,0.00
2016,SLV,325432694.29,0.00
2016,SOM,425993789.90,1030055928.24
2016,SRB,287352122.63,1804440985.00
2016,STP,1034072.10,18754743.97
2016,SUR,39730708.17,0.00
2016,SYC,29905917.96,17860542.62
2016,TCD,0.00,3321903.30
2016,TGO,9365678.50,0.00
2016,TJK,46532254.26,295667710.00
2016,TTO,0.00,79730920.00
2016,TUR,3714244966.22,3497446152.56
2016,TZA,719122091.48,343013568.00
2016,UKR,866183823.11,4084236821.58
2016,VCT,4849098.62,0.00
2016,VNM,15369944766.41,1836705253.87
2016,WSM,28000000.00,0.00
2016,YEM,419113900.92,1132744773.73
2016,ZMB,116252938.46,113423004.53
2017,AFG,1559090.00,1293600000.00
2017,AGO,485123470.33,1190164117.98
2017,ALB,539203792.20,19292018.05
2017,ARG,585784375.94,4885633168.04
2017,ATG,3420970.73,120592408.50
2017,BDI,0.00,0.00
2017,BEN,16986631.02,15155275.99
2017,BFA,196872414.99,4166.57
2017,BGR,179205343.00,37337084.00
2017,BIH,265888094.00,397012501.11
2017,BOL,247815506.14,2314649.00
2017,BRA,0.00,0.00
2017,CAF,0.00,1639018.94
2017,CHL,89452376.89,0.00
2017,CIV,229885089.44,78782180.92
2017,CMR,861395678.93,121671186.19
2017,COD,21293920.64,48193499.03
2017,COG,31327524.57,303620000.00
2017,COM,0.00,3180082.44
2017,CPV,151413014.23,59652696.94
2017,CRI,276166325.31,0.00
2017,DJI,94991984.02,16657878.52
2017,DMA,26755961.86,9777427.42
2017,DOM,729468171.77,18269327.49
2017,DZA,503749088.24,673975.21
2017,ECU,535431468.78,236926289.08
2017,EGY,7671112605.50,324558727.08
2017,ETH,394440958.64,246151000.00
2017,FJI,5900000.00,0.00
2017,GAB,316330103.22,329037313.26
2017,GEO,448434287.00,70600000.00
2017,GHA,923619712.88,374198603.40
2017,GIN,43257785.35,198239596.62
2017,GMB,674006.60,4449403.00
2017,GNB,10066090.70,63967263.50
2017,GNQ,0.00,20039619.21
2017,GRD,3921653.19,4647886.61
2017,GTM,186163189.28,0.00
2017,GUY,3719875.63,0.00
2017,HND,233048754.13,91967616.31
2017,HRV,23511661.40,0.00
2017,HTI,0.00,0.00
2017,IDN,16871295761.80,2753745727.31
2017,IRQ,3356454633.35,8413575429.64
2017,JAM,69414576.83,3837668.91
2017,JOR,2550973277.17,70619683.24
2017,KEN,2291218802.26,278996022.13
2017,KGZ,356294711.13,254308318.00
2017,KHM,1126897342.61,1398457693.52
2017,KNA,1973819.68,0.00
2017,LBR,0.00,0.00
2017,LCA,4460708.84,0.00
2017,LKA,4408917412.64,239855192.22
2017,LSO,5570748.50,0.00
2017,MAR,5430831336.31,280899734.46
2017,MDA,90693165.00,66144538.00
2017,MDG,90316339.09,71100000.00
2017,MDV,43389381.65,0.00
2017,MEX,1517918552.46,37109768.57
2017,MKD,100139857.81,0.00
2017,MLI,219150201.35,0.00
2017,MMR,2447097992.61,1331948551.45
2017,MNE,23325991.06,92055994.89
2017,MOZ,682890483.11,142238662.06
2017,MRT,131828441.04,118487742.09
2017,MWI,1738985.00,5800000.00
2017,NER,124681217.87,436035.38
2017,NGA,360500612.01,6648627.10
2017,NIC,275417252.15,91748597.42
2017,NPL,238189910.09,0.00
2017,PAK,8694818947.01,2559080744.41
2017,PAN,177902246.08,0.00
2017,PER,768914777.98,18166372.00
2017,PHL,7541565040.78,190132113.86
2017,PNG,137527548.00,0.00
2017,POL,7265317.13,1478000000.00
2017,ROU,485509832.00,0.00
2017,RUS,0.00,0.00
2017,SDN,871698364.95,3115687434.68
2017,SEN,916438840.26,123599250.02
2017,SLE,15819105.84,0.00
2017,SLV,321171616.96,0.00
2017,SOM,432230013.41,1067478924.47
2017,SRB,304527477.92,1847021137.09
2017,STP,1175314.00,15509539.00
2017,SUR,45312938.32,0.00
2017,SYC,33750718.87,18943564.62
2017,TCD,47972000.00,5737410.00
2017,TGO,10655780.50,0.00
2017,TJK,51066042.70,292400000.00
2017,TTO,0.00,55475710.32
2017,TUR,4080545247.27,441591874.59
2017,TZA,837716252.46,272529517.00
2017,UKR,912567148.84,4042322432.86
2017,VCT,3939663.48,0.00
2017,VNM,17117092995.43,1816096773.52
2017,WSM,35300000.00,0.00
2017,YEM,451642201.53,1147647233.05
2017,ZMB,128227465.59,22680000.00
2018,AFG,1489020.00,1336120000.00
2018,AGO,475996205.61,1132959715.63
2018,ALB,523195331.01,14909041.31
2018,ARG,433501206.30,3353902900.36
2018,ATG,3508244.13,121775616.82
2018,BDI,0.00,0.00
2018,BEN,22116792.06,13647508.92
2018,BFA,211631579.62,0.00
2018,BGR,166957324.00,0.00
2018,BIH,283548875.98,360290545.59
2018,BOL,271128553.57,2316456.96
2018,BRA,0.00,0.00
2018,CAF,0.00,1655805.30
2018,CHL,78529009.60,0.00
2018,CIV,227760952.70,29173052.36
2018,CMR,1078173822.29,82898880.81
2018,COD,21559482.68,28869947.55
2018,COG,46703349.21,481574298.52
2018,COM,0.00,3067628.80
2018,CPV,160000530.57,61141698.00
2018,CRI,301819504.00,0.00
2018,DJI,91175491.89,13008126.35
2018,DMA,22467803.89,9180000.00
2018,DOM,697487291.67,14615462.09
2018,DZA,369299882.90,940000.00
2018,ECU,612214835.04,227524199.34
2018,EGY,7332549059.81,5171492488.50
2018,ETH,462765768.75,232946432.96
2018,FJI,4930000.00,0.00
2018,GAB,286928592.55,295512092.30
2018,GEO,532014534.00,61390000.00
2018,GHA,899210099.27,353282807.38
2018,GIN,30318015.18,198620357.70
2018,GMB,642569.40,4444152.00
2018,GNB,10068066.00,64210000.00
2018,GNQ,0.00,87858191.38
2018,GRD,3522875.34,3652765.90
2018,GTM,192290019.77,0.00
2018,GUY,3330982.50,0.00
2018,HND,228382679.94,81717468.72
2018,HRV,20059840.43,0.00
2018,HTI,0.00,0.00
2018,IDN,16166046252.77,2286381964.58
2018,IRQ,3789217181.93,8276473103.46
2018,JAM,49433638.29,3662488.09
2018,JOR,2516298890.09,55268799.06
2018,KEN,2404232275.12,201906874.95
2018,KGZ,349344475.17,20692287.80
2018,KHM,1252616645.35,1396819221.95
2018,KNA,2018230.65,0.00
2018,LBR,0.00,0.00
2018,LCA,3408194.59,0.00
2018,LKA,4363958584.23,219600429.94
2018,LSO,4638870.00,0.00
2018,MAR,5144732473.59,248880136.22
2018,MDA,87063142.00,58462675.80
2018,MDG,120101682.74,62240000.00
2018,MDV,39770823.59,0.00
2018,MEX,1430936889.19,29534957.14
2018,MKD,91375688.94,0.00
2018,MLI,228889647.21,0.00
2018,MMR,2789979977.41,1271737687.21
2018,MNE,20901866.18,106582125.64
2018,MOZ,751194333.87,140580000.00
2018,MRT,119816558.50,106344469.78
2018,MWI,1469548.20,5830000.00
2018,NER,127601856.44,0.00
2018,NGA,431657575.65,5795632.95
2018,NIC,310029523.88,89356642.00
2018,NPL,286869084.39,0.00
2018,PAK,8415902132.48,2374615920.42
2018,PAN,166525774.13,0.00
2018,PER,806076076.80,6167549.00
2018,PHL,7565199473.74,138466871.12
2018,PNG,147420768.00,0.00
2018,POL,5095458.00,1478030000.00
2018,ROU,453766584.00,0.00
2018,RUS,0.00,0.00
2018,SDN,875084685.17,3129371358.90
2018,SEN,1026640670.64,120074941.34
2018,SLE,26308231.52,0.00
2018,SLV,305842326.00,0.00
2018,SOM,432163412.91,1171629774.62
2018,SRB,285865310.62,1656846119.02
2018,STP,1123637.40,15417284.52
2018,SUR,39671196.99,0.00
2018,SYC,39803438.06,18402034.74
2018,TCD,91632000.00,1290000.00
2018,TGO,10176879.00,0.00
2018,TJK,47691580.00,292430000.00
2018,TTO,0.00,34067862.96
2018,TUR,3962209954.40,475907168.67
2018,TZA,917087148.82,240245587.00
2018,UKR,600087640.00,3953999016.37
2018,VCT,2731633.57,0.00
2018,VNM,17404431261.16,2137878889.03
2018,WSM,34140000.00,0.00
2018,YEM,450880274.41,1160719976.76
2018,ZMB,122116394.57,0.00
2019,AFG,23832570.00,1377640000.00
2019,AGO,474827334.37,1187139933.58
2019,ALB,610014513.85,10002875.45
2019,ARG,335530949.14,1862860451.80
2019,ATG,3600000.00,123469984.92
2019,BDI,0.00,0.00
2019,BEN,26756975.43,13668354.35
2019,BFA,240438104.25,3887.25
2019,BGR,154073729.00,0.00
2019,BIH,356829691.89,332986120.85
2019,BOL,591041826.92,2306052.90
2019,BRA,0.00,0.00
2019,CAF,0.00,960000.00
2019,CHL,184082743.00,0.00
2019,CIV,337553778.91,24993962.61
2019,CMR,1280668278.16,17604304.09
2019,COD,50288812.75,27696535.98
2019,COG,102985959.39,313649931.18
2019,COM,0.00,2676892.61
2019,CPV,167780379.94,61336763.00
2019,CRI,316334951.00,0.00
2019,DJI,82829751.38,8979784.30
2019,DMA,18591582.62,7200000.00
2019,DOM,692614834.02,10960000.00
2019,DZA,284745343.88,920000.00
2019,ECU,806254129.54,260283287.50
2019,EGY,7699038888.63,760588404.10
2019,ETH,537711978.49,222095273.10
2019,FJI,3890000.00,0.00
2019,GAB,433185109.22,154151136.34
2019,GEO,845480732.00,51360000.00
2019,GHA,897176698.36,315514659.55
2019,GIN,37663949.08,198918936.76
2019,GMB,535953.10,1174845.00
2019,GNB,10025344.00,64459000.00
2019,GNQ,0.00,85822323.00
2019,GRD,3056176.56,2860000.00
2019,GTM,199522693.33,0.00
2019,GUY,3019903.00,0.00
2019,HND,247553042.62,1901919.42
2019,HRV,73171894.61,0.00
2019,HTI,0.00,0.00
2019,IDN,17087425561.03,1718988908.61
2019,IRQ,4018218231.73,7763262496.67
2019,JAM,35767916.20,3451598.10
2019,JOR,2926745822.91,62837011.64
2019,KEN,2606215157.42,188518161.60
2019,KGZ,338245365.17,23057433.40
2019,KHM,1520702079.64,1396388687.00
2019,KNA,1970000.00,0.00
2019,LBR,0.00,0.00
2019,LCA,2497001.58,0.00
2019,LKA,4406499087.58,192136724.05
2019,LSO,3871394.00,0.00
2019,MAR,5016191325.68,229454940.94
2019,MDA,83372761.00,48727614.10
2019,MDG,148617068.76,53350000.00
2019,MDV,36381339.54,0.00
2019,MEX,1652955109.63,24001308.56
2019,MKD,85092503.00,0.00
2019,MLI,247873159.20,0.00
2019,MMR,3370378228.77,1244164354.46
2019,MNE,61758799.00,95132676.61
2019,MOZ,811946293.74,215310000.00
2019,MRT,117631433.12,94215925.73
2019,MWI,1435548.70,5830000.00
2019,NER,137320754.12,0.00
2019,NGA,637024755.81,7476077.71
2019,NIC,352609397.74,88383395.00
2019,NPL,349578228.24,0.00
2019,PAK,8295237832.22,1984024209.69
2019,PAN,154511495.57,3190000.00
2019,PER,1206493061.41,300000.00
2019,PHL,7994161746.32,92315233.39
2019,PNG,173120383.00,300000000.00
2019,POL,2917800.00,1478030000.00
2019,ROU,438177687.00,0.00
2019,RUS,0.00,0.00
2019,SDN,972441621.34,3021208325.95
2019,SEN,1216494367.28,141346818.31
2019,SLE,42476340.49,0.00
2019,SLV,294826957.00,811000.00
2019,SOM,468247566.25,1184906951.18
2019,SRB,390229097.00,1644404361.19
2019,STP,1097640.90,15693055.00
2019,SUR,35393224.06,0.00
2019,SYC,39089941.50,18556541.20
2019,TCD,111897894.47,1330000.00
2019,TGO,10851317.09,0.00
2019,TJK,45030001.00,292430000.00
2019,TTO,0.00,25160000.00
2019,TUR,3954708858.32,502515122.95
2019,TZA,975057145.63,209001762.78
2019,UKR,994963598.35,3872377791.68
2019,VCT,2094930.45,0.00
2019,VNM,17934915659.00,2113972694.88
2019,WSM,32850000.00,0.00
2019,YEM,464734946.88,1173717271.78
2019,ZMB,122402668.28,0.00
2020,AFG,26147802.60,1418060000.00
2020,AGO,499449153.89,1053553719.66
2020,ALB,662793338.58,4649525.82
2020,ARG,344637655.73,2062926571.86
2020,ATG,3645850.55,125505402.80
2020,BDI,0.00,0.00
2020,BEN,64045272.24,173567135.10
2020,BFA,338646866.46,4264.88
2020,BGR,147482942.60,0.00
2020,BIH,407532035.64,339385667.73
2020,BOL,491184741.74,2320157.13
2020,BRA,0.00,0.00
2020,CAF,0.00,980000.00
2020,CHL,149742175.94,0.00
2020,CIV,535144340.09,24151615.86
2020,CMR,1494946797.39,17766930.28
2020,COD,41582384.07,237000.00
2020,COG,138527042.29,322417902.11
2020,COM,0.00,3044328.55
2020,CPV,185436319.63,65121989.21
2020,CRI,482101259.52,0.00
2020,DJI,78778715.10,5768216.18
2020,DMA,18424733.06,6395000.00
2020,DOM,997072423.31,7307731.29
2020,DZA,237464084.40,2910000.00
2020,ECU,931264734.91,253900106.98
2020,EGY,7944564813.72,995034951.57
2020,ETH,710099826.05,217804286.44
2020,FJI,23806471.96,0.00
2020,GAB,485583869.99,177323220.42
2020,GEO,1467606671.63,40941038.55
2020,GHA,960419982.65,434818054.82
2020,GIN,63100390.72,197528153.81
2020,GMB,553645.96,0.00
2020,GNB,10070162.47,64569000.00
2020,GNQ,0.00,80951713.72
2020,GRD,3227937.44,2926106.50
2020,GTM,235863826.69,0.00
2020,GUY,3003131.68,0.00
2020,HND,264501606.37,2020798.14
2020,HRV,52515969.70,0.00
2020,HTI,0.00,0.00
2020,IDN,19104028909.56,2512751924.72
2020,IRQ,4955367070.57,7465744555.23
2020,JAM,25221932.14,3294847.63
2020,JOR,3359577767.54,59961826.14
2020,KEN,2885347309.08,218287931.36
2020,KGZ,350077946.35,22452875.03
2020,KHM,1893065060.10,1396555661.67
2020,KNA,1965705.68,0.00
2020,LBR,0.00,0.00
2020,LCA,2323827.19,0.00
2020,LKA,4666439805.78,125288259.09
2020,LSO,4075619.94,0.00
2020,MAR,5896791094.85,228424449.00
2020,MDA,82679342.31,36851151.91
2020,MDG,232348603.02,44460000.00
2020,MDV,86273248.31,0.00
2020,MEX,1955290073.26,18992669.48
2020,MKD,87385656.66,0.00
2020,MLI,317236217.74,34213110.73
2020,MMR,4639681303.45,1281738453.92
2020,MNE,66623252.64,89361233.36
2020,MOZ,894491349.43,240168000.00
2020,MRT,138136754.19,85468534.66
2020,MWI,1471888.04,8220000.00
2020,NER,175250376.77,0.00
2020,NGA,744106165.78,6932076.46
2020,NIC,397570680.47,76508550.22
2020,NPL,413489404.31,0.00
2020,PAK,8959245264.68,2173639899.98
2020,PAN,147855128.30,2747512.34
2020,PER,1257074418.34,300000.00
2020,PHL,9439922499.97,51418151.79
2020,PNG,275029776.43,431200000.00
2020,POL,748679.51,1478030000.00
2020,ROU,435881280.07,0.00
2020,RUS,0.00,0.00
2020,SDN,994417190.86,3189770632.88
2020,SEN,1777218105.14,129676177.52
2020,SLE,47681222.99,0.00
2020,SLV,344891433.33,810000.00
2020,SOM,527360071.99,1299369690.49
2020,SRB,435295802.36,1607264561.07
2020,STP,1205499.63,16833508.47
2020,SUR,39244686.72,14793763.81
2020,SYC,41588636.29,19343818.04
2020,TCD,123353711.42,1350000.00
2020,TGO,13238402.14,0.00
2020,TJK,47727822.24,292430000.00
2020,TTO,0.00,195001821.29
2020,TUR,4208202838.30,473872847.20
2020,TZA,1126452732.58,193608042.39
2020,UKR,904783395.25,3861892413.45
2020,VCT,1747214.41,8780000.00
2020,VNM,19138910423.66,1990771493.15
2020,WSM,32850000.00,0.00
2020,YEM,493110506.96,1189838874.94
2020,ZMB,129266244.84,232455374.66
2021,AFG,24090300.00,1456860000.00
2021,AGO,476406356.93,1133850814.77
2021,ALB,717745255.47,1492920.00
2021,ARG,332269127.64,1940076142.55
2021,ATG,3695442.49,148072589.73
2021,BDI,0.00,0.00
2021,BEN,96565674.95,278068047.43
2021,BFA,343302107.41,0.00
2021,BGR,119000000.00,0.00
2021,BIH,357978975.67,286292640.92
2021,BOL,586210711.40,2267089.50
2021,BRA,0.00,0.00
2021,CAF,0.00,980000.00
2021,CHL,112373901.95,0.00
2021,CIV,717263879.66,42436064.21
2021,CMR,1467632086.71,223129927.14
2021,COD,55815144.39,0.00
2021,COG,157418074.81,304748002.39
2021,COM,0.00,2816190.00
2021,CPV,172038159.74,62554303.82
2021,CRI,426605392.27,14901185.77
2021,DJI,80390856.96,4013920.00
2021,DMA,18153189.07,7450000.00
2021,DOM,1260663843.30,3653865.89
2021,DZA,162594425.09,930000.00
2021,ECU,938694035.64,258037472.62
2021,EGY,7038137975.50,1306928143.13
2021,ETH,727179052.20,204113529.40
2021,FJI,133488653.79,0.00
2021,GAB,470670655.06,26949246.88
2021,GEO,1519725382.26,28620000.00
2021,GHA,985925447.43,446946062.22
2021,GIN,87531554.47,197750010.16
2021,GMB,510081.00,0.00
2021,GNB,0.00,64629000.00
2021,GNQ,0.00,66350500.00
2021,GRD,3161391.75,2906106.50
2021,GTM,213156066.28,0.00
2021,GUY,2561520.00,0.00
2021,HND,243151310.74,1851799.61
2021,HRV,12236475.32,0.00
2021,HTI,0.00,0.00
2021,IDN,16932004784.53,2010695483.28
2021,IRQ,4735965574.93,5870499132.48
2021,JAM,15920198.38,3060240.96
2021,JOR,3386085187.34,40661731.95
2021,KEN,2933422856.55,217134366.83
2021,KGZ,310323280.87,5417490.00
2021,KHM,2253057448.33,1396463710.00
2021,KNA,1761303.63,0.00
2021,LBR,0.00,0.00
2021,LCA,1755293.71,0.00
2021,LKA,4157940095.35,107996842.25
2021,LSO,3903673.63,0.00
2021,MAR,5837114643.84,159334886.25
2021,MDA,72551918.14,20469875.00
2021,MDG,266444161.79,35570000.00
2021,MDV,78529570.33,0.00
2021,MEX,2086666916.03,11665457.13
2021,MKD,77789594.93,0.00
2021,MLI,295228856.91,44903577.14
2021,MMR,4448922161.54,1033848106.00
2021,MNE,57686672.75,70380621.13
2021,MOZ,865468817.64,222525000.00
2021,MRT,127781302.20,49160000.00
2021,MWI,1261065.00,5480000.00
2021,NER,211534353.67,0.00
2021,NGA,779919522.40,6932136.42
2021,NIC,390951055.31,58557714.49
2021,NPL,420686427.38,0.00
2021,PAK,8334021456.23,2078980654.51
2021,PAN,192571594.36,22694371.64
2021,PER,1020046001.95,280000.00
2021,PHL,9268891238.95,2557903.96
2021,PNG,554640885.48,899850000.00
2021,POL,0.00,1478030000.00
2021,ROU,366171633.31,0.00
2021,RUS,0.00,0.00
2021,SDN,977926143.97,3067190052.07
2021,SEN,1793871750.74,104816794.31
2021,SLE,51391051.04,0.00
2021,SLV,324927830.34,810000.00
2021,SOM,534516174.60,1294044966.15
2021,SRB,461600604.08,1469413789.98
2021,STP,1112904.00,16383474.00
2021,SUR,36453837.20,30227764.34
2021,SYC,37480070.28,17882189.10
2021,TCD,114717682.84,1370000.00
2021,TGO,20754377.02,0.00
2021,TJK,42570060.00,292430000.00
2021,TTO,0.00,199079430.15
2021,TUR,3777076382.37,520321945.49
2021,TZA,1115528560.33,196043943.13
2021,UKR,790274255.99,3888699506.55
2021,VCT,1448289.53,7194459.81
2021,VNM,17132601936.78,1613281343.59
2021,WSM,31000000.00,0.00
2021,YEM,463905190.93,1200541283.81
2021,ZMB,121753437.35,858519682.32
2022,AFG,23000000.00,1494000000.00
2022,AGO,496000000.00,979000000.00
2022,ALB,731000000.00,1000000.00
2022,ARG,229000000.00,1654000000.00
2022,ATG,4000000.00,149000000.00
2022,BDI,0.00,0.00
2022,BEN,128000000.00,457000000.00
2022,BFA,364000000.00,1000000.00
2022,BGR,91000000.00,0.00
2022,BIH,288000000.00,256000000.00
2022,BOL,560000000.00,2000000.00
2022,BRA,0.00,0.00
2022,CAF,0.00,1000000.00
2022,CHL,72000000.00,17000000.00
2022,CIV,1046000000.00,266000000.00
2022,CMR,1397000000.00,184000000.00
2022,COD,59000000.00,0.00
2022,COG,198000000.00,221000000.00
2022,COM,0.00,3000000.00
2022,CPV,149000000.00,55000000.00
2022,CRI,480000000.00,15000000.00
2022,DJI,74000000.00,3000000.00
2022,DMA,15000000.00,6000000.00
2022,DOM,1448000000.00,24000000.00
2022,DZA,134000000.00,1000000.00
2022,ECU,1061000000.00,248000000.00
2022,EGY,6777000000.00,2176000000.00
2022,ETH,741000000.00,193000000.00
2022,FJI,189000000.00,0.00
2022,GAB,466000000.00,70000000.00
2022,GEO,1429000000.00,90000000.00
2022,GHA,943000000.00,451000000.00
2022,GIN,106000000.00,198000000.00
2022,GMB,0.00,0.00
2022,GNB,0.00,65000000.00
2022,GNQ,0.00,57000000.00
2022,GRD,3000000.00,3000000.00
2022,GTM,195000000.00,0.00
2022,GUY,2000000.00,30000000.00
2022,HND,312000000.00,4000000.00
2022,HRV,9000000.00,0.00
2022,HTI,0.00,0.00
2022,IDN,14794000000.00,1512000000.00
2022,IRQ,4752000000.00,4644000000.00
2022,JAM,14000000.00,3000000.00
2022,JOR,3303000000.00,38000000.00
2022,KEN,2768000000.00,255000000.00
2022,KGZ,266000000.00,21000000.00
2022,KHM,2505000000.00,1396000000.00
2022,KNA,2000000.00,0.00
2022,LBR,0.00,2000000.00
2022,LCA,1000000.00,0.00
2022,LKA,3696000000.00,847000000.00
2022,LSO,3000000.00,0.00
2022,MAR,6069000000.00,195000000.00
2022,MDA,151000000.00,15000000.00
2022,MDG,304000000.00,27000000.00
2022,MDV,65000000.00,0.00
2022,MEX,2168000000.00,5000000.00
2022,MKD,64000000.00,0.00
2022,MLI,291000000.00,42000000.00
2022,MMR,4139000000.00,794000000.00
2022,MNE,60000000.00,52000000.00
2022,MOZ,827000000.00,240000000.00
2022,MRT,108000000.00,49000000.00
2022,MWI,1000000.00,3000000.00
2022,NER,234000000.00,0.00
2022,NGA,808000000.00,29000000.00
2022,NIC,392000000.00,38000000.00
2022,NPL,466000000.00,0.00
2022,PAK,7058000000.00,1567000000.00
2022,PAN,254000000.00,133000000.00
2022,PER,1270000000.00,0.00
2022,PHL,9375000000.00,0.00
2022,PNG,504000000.00,1341000000.00
2022,POL,0.00,1478000000.00
2022,ROU,292000000.00,0.00
2022,RUS,0.00,0.00
2022,SDN,964000000.00,2889000000.00
2022,SEN,1638000000.00,291000000.00
2022,SLE,48000000.00,0.00
2022,SLV,313000000.00,1000000.00
2022,SOM,543000000.00,1296000000.00
2022,SRB,485000000.00,1357000000.00
2022,STP,1000000.00,16000000.00
2022,SUR,30000000.00,41000000.00
2022,SYC,31000000.00,15000000.00
2022,TCD,108000000.00,1000000.00
2022,TGO,46000000.00,8000000.00
2022,TJK,38000000.00,292000000.00
2022,TTO,0.00,178000000.00
2022,TUR,3736000000.00,1242000000.00
2022,TZA,1114000000.00,198000000.00
2022,UKR,4043000000.00,4484000000.00
2022,VCT,1000000.00,7000000.00
2022,VNM,14790000000.00,1270000000.00
2022,WSM,25000000.00,0.00
2022,YEM,438000000.00,1211000000.00
2022,ZMB,185000000.00,916000000.00
2023,AFG,23478990.00,1528640000.00
2023,AGO,584386017.30,1446645921.51
2023,ALB,767485356.96,56567875.19
2023,ARG,281543413.31,1490767982.19
2023,ATG,3754290.26,153477082.34
2023,BDI,0.00,0.00
2023,BEN,213715005.51,328599276.19
2023,BFA,362041107.14,62890044.58
2023,BGR,74000000.00,0.00
2023,BIH,245663852.09,246616687.96
2023,BOL,804724035.84,2314830.00
2023,BRA,0.00,0.00
2023,CAF,0.00,1000000.00
2023,CHL,53884261.43,12841855.64
2023,CIV,1495124463.95,588953926.98
2023,CMR,1382752201.44,120156434.70
2023,COD,63550494.68,0.00
2023,COG,208418331.74,306032502.70
2023,COM,0.00,2456819.72
2023,CPV,137543774.06,54732015.99
2023,CRI,524836310.07,14941713.36
2023,DJI,72247128.89,122208070.61
2023,DMA,12100484.48,3900000.00
2023,DOM,1663967620.25,29001513.00
2023,DZA,95678429.47,5939139.01
2023,ECU,1276036281.95,237511933.68
2023,EGY,7216975780.98,3662730834.42
2023,ETH,772686939.43,527939277.69
2023,FJI,176530000.00,28933579.00
2023,GAB,490990968.42,149692675.91
2023,GEO,1470756054.63,92962092.00
2023,GHA,1067864813.90,1940879620.76
2023,GIN,157730327.20,199450003.31
2023,GMB,435408.50,0.00
2023,GNB,0.00,64949000.00
2023,GNQ,0.00,58035206.00
2023,GRD,2419639.99,2524982.94
2023,GTM,185177882.78,0.00
2023,GUY,2021675.57,54993851.88
2023,HND,342413225.32,2965223.73
2023,HRV,7184234.53,0.00
2023,HTI,0.00,0.00
2023,IDN,14895623548.80,1300963822.58
2023,IRQ,5470000616.57,2914515662.10
2023,JAM,11665448.16,2742495.10
2023,JOR,3601579097.99,39187403.41
2023,KEN,2686701695.54,220216480.11
2023,KGZ,244641428.99,22441662.72
2023,KHM,2697429668.75,1416362284.47
2023,KNA,1529005.89,0.00
2023,LBR,0.00,1905672.14
2023,LCA,985587.90,0.00
2023,LKA,3567731883.17,1198457676.05
2023,LSO,2577722.27,3933000.00
2023,MAR,6248854502.13,275248391.32
2023,MDA,285116244.96,14600000.00
2023,MDG,392697083.95,17780000.00
2023,MDV,58833333.45,0.00
2023,MEX,2291417309.69,800.28
2023,MKD,137769786.72,220460.00
2023,MLI,290817225.04,44371536.36
2023,MMR,4232278481.94,745597991.28
2023,MNE,57933611.91,38965797.05
2023,MOZ,870519467.83,291309280.00
2023,MRT,93285901.33,49181356.62
2023,MWI,1044980.40,0.00
2023,NER,261504749.22,0.00
2023,NGA,871235614.00,75074752.76
2023,NIC,394077010.29,26787714.49
2023,NPL,457411556.48,0.00
2023,PAK,6333012768.88,951427693.12
2023,PAN,420464255.25,245870440.25
2023,PER,1353017294.94,600690.00
2023,PHL,9921657416.57,0.00
2023,PNG,498430913.00,1698549966.81
2023,POL,0.00,4097175663.61
2023,ROU,261433542.06,0.00
2023,RUS,0.00,0.00
2023,SDN,969728497.46,3267167332.24
2023,SEN,1884182497.15,414383035.91
2023,SLE,47329053.54,0.00
2023,SLV,418506133.76,17793935.08
2023,SOM,539534329.78,641049189.77
2023,SRB,649963338.74,1023714683.06
2023,STP,1017422.90,17412818.00
2023,SUR,31396395.06,53505642.00
2023,SYC,28172426.12,13959632.64
2023,TCD,108250748.76,14238726.00
2023,TGO,49458732.42,44081994.16
2023,TJK,38382085.98,292430000.00
2023,TTO,0.00,158263830.02
2023,TUR,3669321597.64,1325530725.23
2023,TZA,1188389524.57,245951779.80
2023,UKR,5205430694.98,4522307506.70
2023,VCT,828496.00,2760029.68
2023,VNM,14135087523.77,1109249189.24
2023,WSM,21000000.00,0.00
2023,YEM,434025034.60,1221459139.19
2023,ZMB,188669902.19,1360034609.00
2024,AFG,22137090.00,1560934016.94
2024,AGO,590588658.29,1387608988.05
2024,ALB,814917367.08,53334838.69
2024,ARG,246046680.19,1098830615.63
2024,ATG,3800000.00,143588165.85
2024,BDI,0.00,0.00
2024,BEN,340808881.87,412148026.87
2024,BFA,334749590.81,51552890.70
2024,BGR,56364138.06,0.00
2024,BIH,189370330.56,216060431.82
2024,BOL,849258924.09,2317639.00
2024,BRA,0.00,0.00
2024,CAF,0.00,1018273.13
2024,CHL,34639869.00,9438029.46
2024,CIV,1643767172.78,744528403.52
2024,CMR,1286724645.32,105072843.93
2024,COD,57324432.02,0.00
2024,COG,222768402.27,278956498.34
2024,COM,0.00,2070337.42
2024,CPV,121036804.56,49675364.87
2024,CRI,521081583.81,40163405.61
2024,DJI,63286599.79,3109499.20
2024,DMA,8749825.82,1010000.00
2024,DOM,1647642173.33,121586691.90
2024,DZA,64756417.68,1580355.18
2024,ECU,1505709678.60,211516674.98
2024,EGY,6892930436.72,4984791985.92
2024,ETH,1007644571.01,738476563.45
2024,FJI,159835748.48,36740000.00
2024,GAB,457106429.71,214224265.92
2024,GEO,1373435673.04,89709202.95
2024,GHA,1078650753.50,2377445172.50
2024,GIN,205316902.88,199566202.98
2024,GMB,410523.50,0.00
2024,GNB,0.00,26169090.00
2024,GNQ,0.00,51190453.27
2024,GRD,1948069.37,1840000.00
2024,GTM,167768132.29,0.00
2024,GUY,85130016.53,72820000.00
2024,HND,389244403.83,1584311.15
2024,HRV,4680959.79,0.00
2024,HTI,0.00,0.00
2024,IDN,13732992180.80,1352387262.57
2024,IRQ,5906932515.01,2439161150.70
2024,JAM,9847184.91,2562978.43
2024,JOR,3512651933.14,36434938.27
2024,KEN,2532087545.15,260771578.89
2024,KGZ,216979480.64,21091087.85
2024,KHM,2913917822.30,1416759448.20
2024,KNA,1400000.00,0.00
2024,LBR,0.00,1762838.62
2024,LCA,453953.34,0.00
2024,LKA,3378034870.77,1192584890.32
2024,LSO,2259825.87,0.00
2024,MAR,6391275188.36,302149634.72
2024,MDA,364194425.75,14596515.91
2024,MDG,400531827.67,8891592.66
2024,MDV,48346569.13,0.00
2024,MEX,2585215344.03,0.00
2024,MKD,155376329.02,0.00
2024,MLI,273650337.47,37597450.76
2024,MMR,4060807756.85,748411534.80
2024,MNE,109831517.77,30508969.70
2024,MOZ,840620518.92,290720467.58
2024,MRT,78081951.25,49258602.26
2024,MWI,897955.20,0.00
2024,NER,244264140.66,0.00
2024,NGA,918975403.90,43442740.00
2024,NIC,365108210.18,26787714.49
2024,NPL,427217305.82,0.00
2024,PAK,5448285225.22,328595341.74
2024,PAN,628146759.93,402143785.29
2024,PER,1516349604.86,21046000.00
2024,PHL,9543418793.60,0.00
2024,PNG,462239882.76,1859600175.11
2024,POL,0.00,3648861319.80
2024,ROU,248958899.37,0.00
2024,RUS,0.00,0.00
2024,SDN,1007956745.67,3155406689.19
2024,SEN,1827142215.91,737179101.12
2024,SLE,42550975.66,0.00
2024,SLV,421964520.88,1510000.00
2024,SOM,452108590.95,463570516.81
2024,SRB,691990761.43,878110030.13
2024,STP,960313.20,16360771.00
2024,SUR,26802702.60,45226529.68
2024,SYC,22529616.97,10407881.22
2024,TCD,98806566.73,15679987.11
2024,TGO,78440297.07,128332180.83
2024,TJK,35447209.34,292429127.51
2024,TTO,0.00,138676481.00
2024,TUR,3603853710.85,686697202.36
2024,TZA,1211251062.35,368647454.99
2024,UKR,4750029245.90,4480813249.02
2024,VCT,510000.00,2020000.00
2024,VNM,12593029864.31,864581967.62
2024,WSM,17000000.00,0.00
2024,YEM,417080486.26,1232898678.02
2024,ZMB,180305088.84,1507742187.02
